{ 
    "H": 0.285714, 
    "Li": 1.65714, 
    "Be": 1.2, 
    "B": 0.971429, 
    "C": 0.8, 
    "N": 0.742857, 
    "O": 0.685714, 
    "F": 0.571429, 
    "Na": 2.05714, 
    "Mg": 1.71429, 
    "Al": 1.42857, 
    "Si": 1.25714, 
    "P": 1.14286, 
    "S": 1.14286, 
    "Cl": 1.14286, 
    "Ar": 0.811429, 
    "K": 2.51429, 
    "Ca": 2.05714, 
    "Sc": 1.82857, 
    "Ti": 1.6, 
    "V": 1.54286, 
    "Cr": 1.6, 
    "Mn": 1.6, 
    "Fe": 1.6, 
    "Co": 1.54286, 
    "Ni": 1.54286, 
    "Cu": 1.54286, 
    "Zn": 1.54286, 
    "Ga": 1.48571, 
    "Ge": 1.42857, 
    "As": 1.31429, 
    "Se": 1.31429, 
    "Br": 1.31429, 
    "Rb": 2.68571, 
    "Sr": 2.28571, 
    "Y": 2.05714, 
    "Zr": 1.77143, 
    "Nb": 1.65714, 
    "Mo": 1.65714, 
    "Tc": 1.54286, 
    "Ru": 1.48571, 
    "Rh": 1.54286, 
    "Pd": 1.6, 
    "Ag": 1.82857, 
    "Cd": 1.77143, 
    "In": 1.77143, 
    "Sn": 1.65714, 
    "Sb": 1.65714, 
    "Te": 1.6, 
    "I": 1.6, 
    "Cs": 2.97143, 
    "Ba": 2.45714, 
    "La": 2.22857, 
    "Ce": 2.11429, 
    "Pr": 2.11429, 
    "Nd": 2.11429, 
    "Pm": 2.11429, 
    "Sm": 2.11429, 
    "Eu": 2.11429, 
    "Gd": 2.05714, 
    "Tb": 2, 
    "Dy": 2, 
    "Ho": 2, 
    "Er": 2, 
    "Tm": 2, 
    "Yb": 2, 
    "Lu": 2, 
    "Hf": 1.77143, 
    "Ta": 1.65714, 
    "W": 1.54286, 
    "Re": 1.54286, 
    "Os": 1.48571, 
    "Ir": 1.54286, 
    "Pt": 1.54286, 
    "Au": 1.54286, 
    "Hg": 1.71429, 
    "Tl": 2.17143, 
    "Pb": 2.05714, 
    "Bi": 1.82857, 
    "Po": 2.17143, 
    "Ra": 2.45714, 
    "Ac": 2.22857, 
    "Th": 2.05714, 
    "Pa": 2.05714, 
    "U": 2, 
    "Np": 2, 
    "Pu": 2, 
    "Am": 2,
    "undefined": 0.914284, 
    "bond": 0.206714
}
