{ 
    "H": [1, 1, 1], 
    "He": [0.85098, 1, 1], 
    "Li": [0.8, 0.501961, 1], 
    "Be": [0.760784, 1, 0], 
    "B": [1, 0.709804, 0.709804], 
    "C": [0.564706, 0.564706, 0.564706], 
    "N": [0.188235, 0.313725, 0.972549], 
    "O": [1, 0.0509804, 0.0509804], 
    "F": [0.564706, 0.878431, 0.313725], 
    "Ne": [0.701961, 0.890196, 0.960784], 
    "Na": [0.670588, 0.360784, 0.94902], 
    "Mg": [0.541176, 1, 0], 
    "Al": [0.74902, 0.65098, 0.65098], 
    "Si": [0.941176, 0.784314, 0.627451], 
    "P": [1, 0.501961, 0], 
    "S": [1, 1, 0.188235], 
    "Cl": [0.121569, 0.941176, 0.121569], 
    "Ar": [0.501961, 0.819608, 0.890196], 
    "K": [0.560784, 0.25098, 0.831373], 
    "Ca": [0.239216, 1, 0], 
    "Sc": [0.901961, 0.901961, 0.901961], 
    "Ti": [0.74902, 0.760784, 0.780392], 
    "V": [0.65098, 0.65098, 0.670588], 
    "Cr": [0.541176, 0.6, 0.780392], 
    "Mn": [0.611765, 0.478431, 0.780392], 
    "Fe": [0.878431, 0.4, 0.2], 
    "Co": [0.941176, 0.564706, 0.627451], 
    "Ni": [0.313725, 0.815686, 0.313725], 
    "Cu": [0.784314, 0.501961, 0.2], 
    "Zn": [0.490196, 0.501961, 0.690196], 
    "Ga": [0.760784, 0.560784, 0.560784], 
    "Ge": [0.4, 0.560784, 0.560784], 
    "As": [0.741176, 0.501961, 0.890196], 
    "Se": [1, 0.631373, 0], 
    "Br": [0.65098, 0.160784, 0.160784], 
    "Kr": [0.360784, 0.721569, 0.819608], 
    "Rb": [0.439216, 0.180392, 0.690196], 
    "Sr": [0, 1, 0], 
    "Y": [0.580392, 1, 1], 
    "Zr": [0.580392, 0.878431, 0.878431], 
    "Nb": [0.45098, 0.760784, 0.788235], 
    "Mo": [0.329412, 0.709804, 0.709804], 
    "Tc": [0.231373, 0.619608, 0.619608], 
    "Ru": [0.141176, 0.560784, 0.560784], 
    "Rh": [0.0392157, 0.490196, 0.54902], 
    "Pd": [0, 0.411765, 0.521569], 
    "Ag": [0.752941, 0.752941, 0.752941], 
    "Cd": [1, 0.85098, 0.560784], 
    "In": [0.65098, 0.458824, 0.45098], 
    "Sn": [0.4, 0.501961, 0.501961], 
    "Sb": [0.619608, 0.388235, 0.709804], 
    "Te": [0.831373, 0.478431, 0], 
    "I": [0.580392, 0, 0.580392], 
    "Xe": [0.258824, 0.619608, 0.690196], 
    "Cs": [0.341176, 0.0901961, 0.560784], 
    "Ba": [0, 0.788235, 0], 
    "La": [0.439216, 0.831373, 1], 
    "Ce": [1, 1, 0.780392], 
    "Pr": [0.85098, 1, 0.780392], 
    "Nd": [0.780392, 1, 0.780392], 
    "Pm": [0.639216, 1, 0.780392], 
    "Sm": [0.560784, 1, 0.780392], 
    "Eu": [0.380392, 1, 0.780392], 
    "Gd": [0.270588, 1, 0.780392], 
    "Tb": [0.188235, 1, 0.780392], 
    "Dy": [0.121569, 1, 0.780392], 
    "Ho": [0, 1, 0.611765], 
    "Er": [0, 0.901961, 0.458824], 
    "Tm": [0, 0.831373, 0.321569], 
    "Yb": [0, 0.74902, 0.219608], 
    "Lu": [0, 0.670588, 0.141176], 
    "Hf": [0.301961, 0.760784, 1], 
    "Ta": [0.301961, 0.65098, 1], 
    "W": [0.129412, 0.580392, 0.839216], 
    "Re": [0.14902, 0.490196, 0.670588], 
    "Os": [0.14902, 0.4, 0.588235], 
    "Ir": [0.0901961, 0.329412, 0.529412], 
    "Pt": [0.815686, 0.815686, 0.878431], 
    "Au": [1, 0.819608, 0.137255], 
    "Hg": [0.721569, 0.721569, 0.815686], 
    "Tl": [0.65098, 0.329412, 0.301961], 
    "Pb": [0.341176, 0.34902, 0.380392], 
    "Bi": [0.619608, 0.309804, 0.709804], 
    "Po": [0.670588, 0.360784, 0], 
    "At": [0.458824, 0.309804, 0.270588], 
    "Rn": [0.258824, 0.509804, 0.588235], 
    "Fr": [0.258824, 0, 0.4], 
    "Ra": [0, 0.490196, 0], 
    "Ac": [0.439216, 0.670588, 0.980392], 
    "Th": [0, 0.729412, 1], 
    "Pa": [0, 0.631373, 1], 
    "U": [0, 0.560784, 1], 
    "Np": [0, 0.501961, 1], 
    "Pu": [0, 0.419608, 1], 
    "Am": [0.329412, 0.360784, 0.94902], 
    "Cm": [0.470588, 0.360784, 0.890196], 
    "Bk": [0.541176, 0.309804, 0.890196], 
    "Cf": [0.631373, 0.211765, 0.831373], 
    "Es": [0.701961, 0.121569, 0.831373], 
    "Fm": [0.701961, 0.121569, 0.729412], 
    "Md": [0.701961, 0.0509804, 0.65098], 
    "No": [0.741176, 0.0509804, 0.529412], 
    "Lr": [0.780392, 0, 0.4], 
    "Rf": [0.8, 0, 0.34902], 
    "Db": [0.819608, 0, 0.309804], 
    "Sg": [0.85098, 0, 0.270588], 
    "Bh": [0.878431, 0, 0.219608], 
    "Hs": [0.901961, 0, 0.180392], 
    "Mt": [0.921569, 0, 0.14902],
    "undefined": [0, 0, 0],
    "bond": [0.05, 0.05, 0.05]
}
